product_id,category,brand,product_name
1,protein,,Versatile actuating framework
2,,FitBite,Object-based asynchronous core
3,snacks,PowerPeak,Advanced motivating workforce
4,vitamins,ProFuel,Fully-configurable background projection
5,fitness,FitBite,Implemented interactive focus group
6,vitamins,DynastyLab,Re-engineered empowering toolset
7,vitamins,DynastyLab,Cross-group uniform help-desk
8,vitamins,PowerPeak,Visionary zero administration portal
9,fitness,VitaCore,Progressive 4thgeneration middleware
10,supplements,FitBite,User-friendly multimedia monitoring
11,supplements,PowerPeak,Digitized 4thgeneration focus group
12,snacks,VitaCore,Enhanced upward-trending Graphical User Interface
13,supplements,FitBite,Reduced static contingency
14,fitness,VitaCore,Customizable bottom-line analyzer
15,protein,FitBite,Universal cohesive hub
16,vitamins,FitBite,Triple-buffered discrete parallelism
17,fitness,PowerPeak,Re-contextualized systemic software
18,vitamins,ProFuel,Public-key zero-defect contingency
19,snacks,PowerPeak,Organized global challenge
20,fitness,VitaCore,Re-contextualized foreground adapter
21,vitamins,DynastyLab,Advanced full-range portal
22,protein,DynastyLab,Profit-focused discrete productivity
23,supplements,FitBite,Pre-emptive secondary task-force
24,snacks,ProFuel,Open-architected maximized process improvement
25,snacks,PowerPeak,Innovative optimizing Local Area Network
26,supplements,FitBite,Self-enabling zero tolerance hierarchy
27,fitness,ProFuel,Function-based empowering database
28,vitamins,VitaCore,Devolved client-driven Internet solution
29,protein,PowerPeak,Profound mobile customer loyalty
30,supplements,FitBite,Integrated coherent website
